IMEI,Marca,Modelo,Estatus Trustonic,No. Contrato,Cliente
865750088371327,XIAOMI,25100RA69G,Activo,,
357577947971632,MOTOROLA,XT2521-2,Activo,,
350133183139935,MOTOROLA,XT2307-1,Activo,,
350711503674994,INFINIX,X6879,Activo,,
357437354282215,MOTOROLA,XT2535-1,Activo,,
358021353596491,TECNO,KL8,Activo,,
351577551378062,SAMSUNG,SM-A165M/DS,Bloqueado,,
351493531508663,MOTOROLA,XT2523-8,Activo,,
868870072150185,ZTE,Z2474,Activo,,
357649324796872,TECNO,KN3,Activo,,
356304131187516,MOTOROLA,XT2433-5,Activo,,
351129120424629,INFINIX,X6725,Bloqueado,,
350896389168037,SAMSUNG,SM-A165M,Bloqueado,,
861340080582495,REALME,RMX5313,Listo para su uso,,
861943081382326,HONOR,NAA-LX3,Activo,,
